{
  "comments": {
    "lineComment": "//",
    "blockComment": ["/*", "*/"]
  },
  "brackets": [
    ["{", "}"],
    ["[", "]"],
    ["(", ")"]
  ],
  "autoClosingPairs": [
    { "open": "{", "close": "}" },
    { "open": "[", "close": "]" },
    { "open": "(", "close": ")" },
    { "open": "'", "close": "'", "notIn": ["string", "comment"] },
    { "open": "\"", "close": "\"", "notIn": ["string"] },
    // { "open": "`", "close": "`", "notIn": ["string", "comment"] },
    { "open": "/**", "close": " */", "notIn": ["string"] }
  ],
  "autoCloseBefore": ";:.,=}])>` \n\t",
  "surroundingPairs": [
    ["{", "}"],
    ["[", "]"],
    ["(", ")"],
    ["'", "'"],
    ["\"", "\""]
    // ["`", "`"]
  ],
  "folding": {
    "markers": {
      "start": "^\\s*//\\s*#?region\\b",
      "end": "^\\s*//\\s*#?endregion\\b"
    }
  },
  "wordPattern": "(-?\\d*\\.\\d\\w*)|([^\\`\\~\\!\\@\\#\\%\\^\\&\\*\\(\\)\\-\\=\\+\\[\\{\\]\\}\\\\\\|\\;\\:\\'\\\"\\,\\.\\<\\>\\/\\?\\s]+)",
  "indentationRules": {
    "increaseIndentPattern": "^((?!\\/\\/).)*(\\{[^}\"'`]*|\\([^)\"'`]*|\\[[^\\]\"'`]*)$",
    "decreaseIndentPattern": "^((?!.*?\\/\\*).*\\*/)?\\s*[\\)\\}\\]].*$"
  },
  "onEnterRules": [
    // --- JSDoc-Like Comments ---

    // When pressing Enter right after `/**` (and not ending with `*/`):
    // Don't increase indentation again; just append `* `.
    {
      "beforeText": "^\\s*/\\*\\*\\s*$",
      "afterText": "^(?!.*\\*/).*", // not closing JSDoc on the same line
      "action": {
        "indent": "none", // keep the same indentation
        "appendText": " * "
      }
    },

    // For each line that starts with `*` inside the comment (and not `*/`):
    // Again, keep indentation as is; just append another `* ` for the new line.
    {
      "beforeText": "^\\s*\\*(?!/)",
      "afterText": "^(?!.*\\*/).*", // not closing comment on the same line
      "action": {
        "indent": "none", // keep the same indentation
        "appendText": "* "
      }
    }
  ]
}
