{
  "fileTypes": ["atscript", "as"],
  "scopeName": "source.atscript",
  "name": "AS",
  "patterns": [
    { "include": "#annotation-with-args" },
    { "include": "#annotations" },
    { "include": "#comments" },
    { "include": "#strings" },
    { "include": "#property-names" },
    { "include": "#import-statement" },
    { "include": "#keywords" },
    { "include": "#numbers" },
    { "include": "#operators" },
    { "include": "#punctuation" },
    { "include": "#global-types" }
  ],
  "repository": {
    "comments": {
      "patterns": [
        {
          "name": "comment.line.double-slash.atscript",
          "match": "//.*$"
        },

        {
          "name": "comment.block.atscript",
          "begin": "/\\*",
          "end": "\\*/",
          "patterns": [
            {
              "match": "\\*\\/",
              "name": "invalid.illegal.stray.end-of-comment.atscript"
            }
          ]
        }
      ]
    },

    "strings": {
      "patterns": [
        {
          "match": "'([^']*)'|\"([^\"]*)\"",
          "name": "variable.other.constant.atscript"
        }
      ]
    },

    "import-statement": {
      "patterns": [
        {
          "name": "meta.import.statement",
          "begin": "(?<![A-Za-z0-9_$])\\bimport\\b(?!\\s*[:=])",
          "beginCaptures": {
            "0": {
              "name": "keyword.control.import.atscript"
            }
          },
          "end": "(?=;|$)",
          "patterns": [
            {
              "match": "\\bfrom\\b",
              "name": "keyword.control.from.atscript"
            },
            {
              "begin": "\\{",
              "beginCaptures": {
                "0": {
                  "name": "punctuation.section.braces"
                }
              },
              "end": "\\}",
              "endCaptures": {
                "0": {
                  "name": "punctuation.section.braces"
                }
              },
              "patterns": [
                {
                  "name": "entity.name.type.atscript",
                  "match": "\\b[A-Za-z_$][A-Za-z0-9_$]*\\b"
                }
              ]
            },
            {
              "match": "'([^']*)'|\"([^\"]*)\"",
              "name": "string.quoted.import.atscript"
            }
          ]
        }
      ]
    },

    "keywords": {
      "patterns": [
        {
          "match": "(?<![A-Za-z0-9_$])\\bexport\\b(?!\\s*[:=])",
          "name": "keyword.control.export.atscript"
        },
        {
          "match": "(\\b(?:type|interface)\\b)\\s+([A-Za-z_][A-Za-z0-9_]*)",
          "captures": {
            "1": {
              "name": "storage.type"
            },
            "2": {
              "name": "entity.name.type"
            }
          }
        }
      ]
    },

    "numbers": {
      "patterns": [
        {
          "name": "variable.other.constant.atscript",
          "match": "\\b\\d+(\\.\\d+)?\\b"
        }
      ]
    },

    "operators": {
      "patterns": [
        {
          "name": "keyword.operator.atscript",
          "match": "[|&=]"
        }
      ]
    },

    "annotations": {
      "patterns": [
        {
          "name": "variable.other.constant.atscript",
          "match": "@[A-Za-z0-9_.]+"
        }
      ]
    },

    "annotation-with-args": {
      "patterns": [
        {
          "name": "variable.other.constant.atscript",
          "begin": "(@[A-Za-z0-9_.]+)",
          "beginCaptures": {
            "1": {
              "name": "variable.other.constant.atscript"
            }
          },
          "end": "(?=$|\\n|\\r|;)",
          "patterns": [
            {
              "name": "constant.numeric.atscript",
              "match": "\\b\\d+(\\.\\d+)?\\b"
            },
            {
              "name": "string.quoted.single.atscript",
              "begin": "'",
              "end": "(?:'|\\n)",
              "patterns": [
                {
                  "match": "\\\\.",
                  "name": "constant.character.escape.atscript"
                }
              ]
            },

            {
              "name": "string.quoted.double.atscript",
              "begin": "\"",
              "end": "(?:\"|\\n)",
              "patterns": [
                {
                  "match": "\\\\.",
                  "name": "constant.character.escape.atscript"
                }
              ]
            },
            {
              "name": "constant.language.boolean.atscript",
              "match": "\\b(?:true|false|undefined|null)\\b"
            }
          ]
        }
      ]
    },

    "punctuation": {
      "patterns": [
        {
          "name": "punctuation.separator.comma.atscript",
          "match": ","
        },
        {
          "name": "punctuation.terminator.statement.atscript",
          "match": ";"
        },
        {
          "name": "punctuation.separator.key-value.atscript",
          "match": ":"
        },
        {
          "name": "punctuation.section.parens.begin.atscript",
          "match": "\\("
        },
        {
          "name": "punctuation.section.parens.end.atscript",
          "match": "\\)"
        },
        {
          "name": "punctuation.section.braces.begin.atscript",
          "match": "\\{"
        },
        {
          "name": "punctuation.section.braces.end.atscript",
          "match": "\\}"
        },
        {
          "name": "punctuation.section.brackets.begin.atscript",
          "match": "\\["
        },
        {
          "name": "punctuation.section.brackets.end.atscript",
          "match": "\\]"
        }
      ]
    },

    "global-types": {
      "patterns": [
        {
          "name": "support.type.primitive.atscript",
          "match": "\\b\\w+\\b(?!\\s*:)"
        },
        {
          "name": "support.type.primitive.atscript",
          "match": "\\b(?:number|string|boolean|void|undefined|null|never|any|unknown|bigint|symbol|true|false)\\b(?!\\s*:)"
        }
      ]
    },

    "property-names": {
      "patterns": [
        {
          "name": "variable.object.property.required.atscript",
          "match": "\\b([A-Za-z_$][A-Za-z0-9_$]*)\\b(?=\\s*:)"
        },
        {
          "name": "variable.object.property.optional.atscript",
          "match": "\\b([A-Za-z_$][A-Za-z0-9_$]*)\\b(?=\\?\\s*:)"
        }
      ]
    }
  },
  "injectionSelector": "L:source.atscript"
}
